seed,n,k,order,sigma_true,hol_rate,abs_err,rel_err
1,2048,3,3,0.033465235305059446,0.0496282184067095,0.016162983101650055,0.48297831927111695
1,8192,3,3,0.033465235305059446,0.033986394765364025,0.0005211594603045794,0.015573159894255631
2,2048,3,3,0.29404690825532076,0.33030472630999697,0.036257818054676205,0.12330623800741874
2,8192,3,3,0.29404690825532076,0.2649838027106539,0.029063105544666845,0.09883833064971854
3,2048,3,3,0.0066908750544947635,0.01052073651667551,0.003829861462180747,0.5724006846620072
3,8192,3,3,0.0066908750544947635,0.008762196110949194,0.0020713210564544306,0.30957401529460166
