seed,n,k,hol_rate_kt,hol_rate_lz78,delta_hol
1,2048,3,0.0496282184067095,0.0,0.0496282184067095
