seed,n,k,order,sigma_true,hol_rate,abs_err,rel_err
1,2048,3,3,0.033465235305059446,0.0496282184067095,0.016162983101650055,0.48297831927111695
2,2048,3,3,0.29404690825532076,0.33030472630999697,0.036257818054676205,0.12330623800741874
3,4096,3,3,0.0066908750544947635,0.008429175682385548,0.0017383006278907844,0.2598016871833584
