seed,n,k,order,sigma_true,hol_rate,abs_err,rel_err
1,8192,3,3,0.033465235305059446,0.033986394765364025,0.0005211594603045794,0.015573159894255631
